FechaID;Fecha;Anio;Trimestre;Mes;NombreMes;Dia;DiaSemana;NombreDiaSemana;EsFinDeSemana
20240101;2024-01-01;2024;Q1;1;Enero;1;1;Lunes;No
20240102;2024-01-02;2024;Q1;1;Enero;2;2;Martes;No
20240103;2024-01-03;2024;Q1;1;Enero;3;3;Miércoles;No
20240104;2024-01-04;2024;Q1;1;Enero;4;4;Jueves;No
20240105;2024-01-05;2024;Q1;1;Enero;5;5;Viernes;No
20240106;2024-01-06;2024;Q1;1;Enero;6;6;Sábado;Sí
20240107;2024-01-07;2024;Q1;1;Enero;7;7;Domingo;Sí
20240108;2024-01-08;2024;Q1;1;Enero;8;1;Lunes;No
20240109;2024-01-09;2024;Q1;1;Enero;9;2;Martes;No
20240110;2024-01-10;2024;Q1;1;Enero;10;3;Miércoles;No
20240111;2024-01-11;2024;Q1;1;Enero;11;4;Jueves;No
20240112;2024-01-12;2024;Q1;1;Enero;12;5;Viernes;No
20240113;2024-01-13;2024;Q1;1;Enero;13;6;Sábado;Sí
20240114;2024-01-14;2024;Q1;1;Enero;14;7;Domingo;Sí
20240115;2024-01-15;2024;Q1;1;Enero;15;1;Lunes;No
20240116;2024-01-16;2024;Q1;1;Enero;16;2;Martes;No
20240117;2024-01-17;2024;Q1;1;Enero;17;3;Miércoles;No
20240118;2024-01-18;2024;Q1;1;Enero;18;4;Jueves;No
20240119;2024-01-19;2024;Q1;1;Enero;19;5;Viernes;No
20240120;2024-01-20;2024;Q1;1;Enero;20;6;Sábado;Sí
20240121;2024-01-21;2024;Q1;1;Enero;21;7;Domingo;Sí
20240122;2024-01-22;2024;Q1;1;Enero;22;1;Lunes;No
20240123;2024-01-23;2024;Q1;1;Enero;23;2;Martes;No
20240124;2024-01-24;2024;Q1;1;Enero;24;3;Miércoles;No
20240125;2024-01-25;2024;Q1;1;Enero;25;4;Jueves;No
20240126;2024-01-26;2024;Q1;1;Enero;26;5;Viernes;No
20240127;2024-01-27;2024;Q1;1;Enero;27;6;Sábado;Sí
20240128;2024-01-28;2024;Q1;1;Enero;28;7;Domingo;Sí
20240129;2024-01-29;2024;Q1;1;Enero;29;1;Lunes;No
20240130;2024-01-30;2024;Q1;1;Enero;30;2;Martes;No
20240131;2024-01-31;2024;Q1;1;Enero;31;3;Miércoles;No
20240201;2024-02-01;2024;Q1;2;Febrero;1;4;Jueves;No
20240202;2024-02-02;2024;Q1;2;Febrero;2;5;Viernes;No
20240203;2024-02-03;2024;Q1;2;Febrero;3;6;Sábado;Sí
20240204;2024-02-04;2024;Q1;2;Febrero;4;7;Domingo;Sí
20240205;2024-02-05;2024;Q1;2;Febrero;5;1;Lunes;No
20240206;2024-02-06;2024;Q1;2;Febrero;6;2;Martes;No
20240207;2024-02-07;2024;Q1;2;Febrero;7;3;Miércoles;No
20240208;2024-02-08;2024;Q1;2;Febrero;8;4;Jueves;No
20240209;2024-02-09;2024;Q1;2;Febrero;9;5;Viernes;No
20240210;2024-02-10;2024;Q1;2;Febrero;10;6;Sábado;Sí
20240211;2024-02-11;2024;Q1;2;Febrero;11;7;Domingo;Sí
20240212;2024-02-12;2024;Q1;2;Febrero;12;1;Lunes;No
20240213;2024-02-13;2024;Q1;2;Febrero;13;2;Martes;No
20240214;2024-02-14;2024;Q1;2;Febrero;14;3;Miércoles;No
20240215;2024-02-15;2024;Q1;2;Febrero;15;4;Jueves;No
20240216;2024-02-16;2024;Q1;2;Febrero;16;5;Viernes;No
20240217;2024-02-17;2024;Q1;2;Febrero;17;6;Sábado;Sí
20240218;2024-02-18;2024;Q1;2;Febrero;18;7;Domingo;Sí
20240219;2024-02-19;2024;Q1;2;Febrero;19;1;Lunes;No
20240220;2024-02-20;2024;Q1;2;Febrero;20;2;Martes;No
20240221;2024-02-21;2024;Q1;2;Febrero;21;3;Miércoles;No
20240222;2024-02-22;2024;Q1;2;Febrero;22;4;Jueves;No
20240223;2024-02-23;2024;Q1;2;Febrero;23;5;Viernes;No
20240224;2024-02-24;2024;Q1;2;Febrero;24;6;Sábado;Sí
20240225;2024-02-25;2024;Q1;2;Febrero;25;7;Domingo;Sí
20240226;2024-02-26;2024;Q1;2;Febrero;26;1;Lunes;No
20240227;2024-02-27;2024;Q1;2;Febrero;27;2;Martes;No
20240228;2024-02-28;2024;Q1;2;Febrero;28;3;Miércoles;No
20240229;2024-02-29;2024;Q1;2;Febrero;29;4;Jueves;No
20240301;2024-03-01;2024;Q1;3;Marzo;1;5;Viernes;No
20240302;2024-03-02;2024;Q1;3;Marzo;2;6;Sábado;Sí
20240303;2024-03-03;2024;Q1;3;Marzo;3;7;Domingo;Sí
20240304;2024-03-04;2024;Q1;3;Marzo;4;1;Lunes;No
20240305;2024-03-05;2024;Q1;3;Marzo;5;2;Martes;No
20240306;2024-03-06;2024;Q1;3;Marzo;6;3;Miércoles;No
20240307;2024-03-07;2024;Q1;3;Marzo;7;4;Jueves;No
20240308;2024-03-08;2024;Q1;3;Marzo;8;5;Viernes;No
20240309;2024-03-09;2024;Q1;3;Marzo;9;6;Sábado;Sí
20240310;2024-03-10;2024;Q1;3;Marzo;10;7;Domingo;Sí
20240311;2024-03-11;2024;Q1;3;Marzo;11;1;Lunes;No
20240312;2024-03-12;2024;Q1;3;Marzo;12;2;Martes;No
20240313;2024-03-13;2024;Q1;3;Marzo;13;3;Miércoles;No
20240314;2024-03-14;2024;Q1;3;Marzo;14;4;Jueves;No
20240315;2024-03-15;2024;Q1;3;Marzo;15;5;Viernes;No
20240316;2024-03-16;2024;Q1;3;Marzo;16;6;Sábado;Sí
20240317;2024-03-17;2024;Q1;3;Marzo;17;7;Domingo;Sí
20240318;2024-03-18;2024;Q1;3;Marzo;18;1;Lunes;No
20240319;2024-03-19;2024;Q1;3;Marzo;19;2;Martes;No
20240320;2024-03-20;2024;Q1;3;Marzo;20;3;Miércoles;No
20240321;2024-03-21;2024;Q1;3;Marzo;21;4;Jueves;No
20240322;2024-03-22;2024;Q1;3;Marzo;22;5;Viernes;No
20240323;2024-03-23;2024;Q1;3;Marzo;23;6;Sábado;Sí
20240324;2024-03-24;2024;Q1;3;Marzo;24;7;Domingo;Sí
20240325;2024-03-25;2024;Q1;3;Marzo;25;1;Lunes;No
20240326;2024-03-26;2024;Q1;3;Marzo;26;2;Martes;No
20240327;2024-03-27;2024;Q1;3;Marzo;27;3;Miércoles;No
20240328;2024-03-28;2024;Q1;3;Marzo;28;4;Jueves;No
20240329;2024-03-29;2024;Q1;3;Marzo;29;5;Viernes;No
20240330;2024-03-30;2024;Q1;3;Marzo;30;6;Sábado;Sí
20240331;2024-03-31;2024;Q1;3;Marzo;31;7;Domingo;Sí
20240401;2024-04-01;2024;Q2;4;Abril;1;1;Lunes;No
20240402;2024-04-02;2024;Q2;4;Abril;2;2;Martes;No
20240403;2024-04-03;2024;Q2;4;Abril;3;3;Miércoles;No
20240404;2024-04-04;2024;Q2;4;Abril;4;4;Jueves;No
20240405;2024-04-05;2024;Q2;4;Abril;5;5;Viernes;No
20240406;2024-04-06;2024;Q2;4;Abril;6;6;Sábado;Sí
20240407;2024-04-07;2024;Q2;4;Abril;7;7;Domingo;Sí
20240408;2024-04-08;2024;Q2;4;Abril;8;1;Lunes;No
20240409;2024-04-09;2024;Q2;4;Abril;9;2;Martes;No
20240410;2024-04-10;2024;Q2;4;Abril;10;3;Miércoles;No
20240411;2024-04-11;2024;Q2;4;Abril;11;4;Jueves;No
20240412;2024-04-12;2024;Q2;4;Abril;12;5;Viernes;No
20240413;2024-04-13;2024;Q2;4;Abril;13;6;Sábado;Sí
20240414;2024-04-14;2024;Q2;4;Abril;14;7;Domingo;Sí
20240415;2024-04-15;2024;Q2;4;Abril;15;1;Lunes;No
20240416;2024-04-16;2024;Q2;4;Abril;16;2;Martes;No
20240417;2024-04-17;2024;Q2;4;Abril;17;3;Miércoles;No
20240418;2024-04-18;2024;Q2;4;Abril;18;4;Jueves;No
20240419;2024-04-19;2024;Q2;4;Abril;19;5;Viernes;No
20240420;2024-04-20;2024;Q2;4;Abril;20;6;Sábado;Sí
20240421;2024-04-21;2024;Q2;4;Abril;21;7;Domingo;Sí
20240422;2024-04-22;2024;Q2;4;Abril;22;1;Lunes;No
20240423;2024-04-23;2024;Q2;4;Abril;23;2;Martes;No
20240424;2024-04-24;2024;Q2;4;Abril;24;3;Miércoles;No
20240425;2024-04-25;2024;Q2;4;Abril;25;4;Jueves;No
20240426;2024-04-26;2024;Q2;4;Abril;26;5;Viernes;No
20240427;2024-04-27;2024;Q2;4;Abril;27;6;Sábado;Sí
20240428;2024-04-28;2024;Q2;4;Abril;28;7;Domingo;Sí
20240429;2024-04-29;2024;Q2;4;Abril;29;1;Lunes;No
20240430;2024-04-30;2024;Q2;4;Abril;30;2;Martes;No
20240501;2024-05-01;2024;Q2;5;Mayo;1;3;Miércoles;No
20240502;2024-05-02;2024;Q2;5;Mayo;2;4;Jueves;No
20240503;2024-05-03;2024;Q2;5;Mayo;3;5;Viernes;No
20240504;2024-05-04;2024;Q2;5;Mayo;4;6;Sábado;Sí
20240505;2024-05-05;2024;Q2;5;Mayo;5;7;Domingo;Sí
20240506;2024-05-06;2024;Q2;5;Mayo;6;1;Lunes;No
20240507;2024-05-07;2024;Q2;5;Mayo;7;2;Martes;No
20240508;2024-05-08;2024;Q2;5;Mayo;8;3;Miércoles;No
20240509;2024-05-09;2024;Q2;5;Mayo;9;4;Jueves;No
20240510;2024-05-10;2024;Q2;5;Mayo;10;5;Viernes;No
20240511;2024-05-11;2024;Q2;5;Mayo;11;6;Sábado;Sí
20240512;2024-05-12;2024;Q2;5;Mayo;12;7;Domingo;Sí
20240513;2024-05-13;2024;Q2;5;Mayo;13;1;Lunes;No
20240514;2024-05-14;2024;Q2;5;Mayo;14;2;Martes;No
20240515;2024-05-15;2024;Q2;5;Mayo;15;3;Miércoles;No
20240516;2024-05-16;2024;Q2;5;Mayo;16;4;Jueves;No
20240517;2024-05-17;2024;Q2;5;Mayo;17;5;Viernes;No
20240518;2024-05-18;2024;Q2;5;Mayo;18;6;Sábado;Sí
20240519;2024-05-19;2024;Q2;5;Mayo;19;7;Domingo;Sí
20240520;2024-05-20;2024;Q2;5;Mayo;20;1;Lunes;No
20240521;2024-05-21;2024;Q2;5;Mayo;21;2;Martes;No
20240522;2024-05-22;2024;Q2;5;Mayo;22;3;Miércoles;No
20240523;2024-05-23;2024;Q2;5;Mayo;23;4;Jueves;No
20240524;2024-05-24;2024;Q2;5;Mayo;24;5;Viernes;No
20240525;2024-05-25;2024;Q2;5;Mayo;25;6;Sábado;Sí
20240526;2024-05-26;2024;Q2;5;Mayo;26;7;Domingo;Sí
20240527;2024-05-27;2024;Q2;5;Mayo;27;1;Lunes;No
20240528;2024-05-28;2024;Q2;5;Mayo;28;2;Martes;No
20240529;2024-05-29;2024;Q2;5;Mayo;29;3;Miércoles;No
20240530;2024-05-30;2024;Q2;5;Mayo;30;4;Jueves;No
20240531;2024-05-31;2024;Q2;5;Mayo;31;5;Viernes;No
20240601;2024-06-01;2024;Q2;6;Junio;1;6;Sábado;Sí
20240602;2024-06-02;2024;Q2;6;Junio;2;7;Domingo;Sí
20240603;2024-06-03;2024;Q2;6;Junio;3;1;Lunes;No
20240604;2024-06-04;2024;Q2;6;Junio;4;2;Martes;No
20240605;2024-06-05;2024;Q2;6;Junio;5;3;Miércoles;No
20240606;2024-06-06;2024;Q2;6;Junio;6;4;Jueves;No
20240607;2024-06-07;2024;Q2;6;Junio;7;5;Viernes;No
20240608;2024-06-08;2024;Q2;6;Junio;8;6;Sábado;Sí
20240609;2024-06-09;2024;Q2;6;Junio;9;7;Domingo;Sí
20240610;2024-06-10;2024;Q2;6;Junio;10;1;Lunes;No
20240611;2024-06-11;2024;Q2;6;Junio;11;2;Martes;No
20240612;2024-06-12;2024;Q2;6;Junio;12;3;Miércoles;No
20240613;2024-06-13;2024;Q2;6;Junio;13;4;Jueves;No
20240614;2024-06-14;2024;Q2;6;Junio;14;5;Viernes;No
20240615;2024-06-15;2024;Q2;6;Junio;15;6;Sábado;Sí
20240616;2024-06-16;2024;Q2;6;Junio;16;7;Domingo;Sí
20240617;2024-06-17;2024;Q2;6;Junio;17;1;Lunes;No
20240618;2024-06-18;2024;Q2;6;Junio;18;2;Martes;No
20240619;2024-06-19;2024;Q2;6;Junio;19;3;Miércoles;No
20240620;2024-06-20;2024;Q2;6;Junio;20;4;Jueves;No
20240621;2024-06-21;2024;Q2;6;Junio;21;5;Viernes;No
20240622;2024-06-22;2024;Q2;6;Junio;22;6;Sábado;Sí
20240623;2024-06-23;2024;Q2;6;Junio;23;7;Domingo;Sí
20240624;2024-06-24;2024;Q2;6;Junio;24;1;Lunes;No
20240625;2024-06-25;2024;Q2;6;Junio;25;2;Martes;No
20240626;2024-06-26;2024;Q2;6;Junio;26;3;Miércoles;No
20240627;2024-06-27;2024;Q2;6;Junio;27;4;Jueves;No
20240628;2024-06-28;2024;Q2;6;Junio;28;5;Viernes;No
20240629;2024-06-29;2024;Q2;6;Junio;29;6;Sábado;Sí
20240630;2024-06-30;2024;Q2;6;Junio;30;7;Domingo;Sí
20240701;2024-07-01;2024;Q3;7;Julio;1;1;Lunes;No
20240702;2024-07-02;2024;Q3;7;Julio;2;2;Martes;No
20240703;2024-07-03;2024;Q3;7;Julio;3;3;Miércoles;No
20240704;2024-07-04;2024;Q3;7;Julio;4;4;Jueves;No
20240705;2024-07-05;2024;Q3;7;Julio;5;5;Viernes;No
20240706;2024-07-06;2024;Q3;7;Julio;6;6;Sábado;Sí
20240707;2024-07-07;2024;Q3;7;Julio;7;7;Domingo;Sí
20240708;2024-07-08;2024;Q3;7;Julio;8;1;Lunes;No
20240709;2024-07-09;2024;Q3;7;Julio;9;2;Martes;No
20240710;2024-07-10;2024;Q3;7;Julio;10;3;Miércoles;No
20240711;2024-07-11;2024;Q3;7;Julio;11;4;Jueves;No
20240712;2024-07-12;2024;Q3;7;Julio;12;5;Viernes;No
20240713;2024-07-13;2024;Q3;7;Julio;13;6;Sábado;Sí
20240714;2024-07-14;2024;Q3;7;Julio;14;7;Domingo;Sí
20240715;2024-07-15;2024;Q3;7;Julio;15;1;Lunes;No
20240716;2024-07-16;2024;Q3;7;Julio;16;2;Martes;No
20240717;2024-07-17;2024;Q3;7;Julio;17;3;Miércoles;No
20240718;2024-07-18;2024;Q3;7;Julio;18;4;Jueves;No
20240719;2024-07-19;2024;Q3;7;Julio;19;5;Viernes;No
20240720;2024-07-20;2024;Q3;7;Julio;20;6;Sábado;Sí
20240721;2024-07-21;2024;Q3;7;Julio;21;7;Domingo;Sí
20240722;2024-07-22;2024;Q3;7;Julio;22;1;Lunes;No
20240723;2024-07-23;2024;Q3;7;Julio;23;2;Martes;No
20240724;2024-07-24;2024;Q3;7;Julio;24;3;Miércoles;No
20240725;2024-07-25;2024;Q3;7;Julio;25;4;Jueves;No
20240726;2024-07-26;2024;Q3;7;Julio;26;5;Viernes;No
20240727;2024-07-27;2024;Q3;7;Julio;27;6;Sábado;Sí
20240728;2024-07-28;2024;Q3;7;Julio;28;7;Domingo;Sí
20240729;2024-07-29;2024;Q3;7;Julio;29;1;Lunes;No
20240730;2024-07-30;2024;Q3;7;Julio;30;2;Martes;No
20240731;2024-07-31;2024;Q3;7;Julio;31;3;Miércoles;No
20240801;2024-08-01;2024;Q3;8;Agosto;1;4;Jueves;No
20240802;2024-08-02;2024;Q3;8;Agosto;2;5;Viernes;No
20240803;2024-08-03;2024;Q3;8;Agosto;3;6;Sábado;Sí
20240804;2024-08-04;2024;Q3;8;Agosto;4;7;Domingo;Sí
20240805;2024-08-05;2024;Q3;8;Agosto;5;1;Lunes;No
20240806;2024-08-06;2024;Q3;8;Agosto;6;2;Martes;No
20240807;2024-08-07;2024;Q3;8;Agosto;7;3;Miércoles;No
20240808;2024-08-08;2024;Q3;8;Agosto;8;4;Jueves;No
20240809;2024-08-09;2024;Q3;8;Agosto;9;5;Viernes;No
20240810;2024-08-10;2024;Q3;8;Agosto;10;6;Sábado;Sí
20240811;2024-08-11;2024;Q3;8;Agosto;11;7;Domingo;Sí
20240812;2024-08-12;2024;Q3;8;Agosto;12;1;Lunes;No
20240813;2024-08-13;2024;Q3;8;Agosto;13;2;Martes;No
20240814;2024-08-14;2024;Q3;8;Agosto;14;3;Miércoles;No
20240815;2024-08-15;2024;Q3;8;Agosto;15;4;Jueves;No
20240816;2024-08-16;2024;Q3;8;Agosto;16;5;Viernes;No
20240817;2024-08-17;2024;Q3;8;Agosto;17;6;Sábado;Sí
20240818;2024-08-18;2024;Q3;8;Agosto;18;7;Domingo;Sí
20240819;2024-08-19;2024;Q3;8;Agosto;19;1;Lunes;No
20240820;2024-08-20;2024;Q3;8;Agosto;20;2;Martes;No
20240821;2024-08-21;2024;Q3;8;Agosto;21;3;Miércoles;No
20240822;2024-08-22;2024;Q3;8;Agosto;22;4;Jueves;No
20240823;2024-08-23;2024;Q3;8;Agosto;23;5;Viernes;No
20240824;2024-08-24;2024;Q3;8;Agosto;24;6;Sábado;Sí
20240825;2024-08-25;2024;Q3;8;Agosto;25;7;Domingo;Sí
20240826;2024-08-26;2024;Q3;8;Agosto;26;1;Lunes;No
20240827;2024-08-27;2024;Q3;8;Agosto;27;2;Martes;No
20240828;2024-08-28;2024;Q3;8;Agosto;28;3;Miércoles;No
20240829;2024-08-29;2024;Q3;8;Agosto;29;4;Jueves;No
20240830;2024-08-30;2024;Q3;8;Agosto;30;5;Viernes;No
20240831;2024-08-31;2024;Q3;8;Agosto;31;6;Sábado;Sí
20240901;2024-09-01;2024;Q3;9;Septiembre;1;7;Domingo;Sí
20240902;2024-09-02;2024;Q3;9;Septiembre;2;1;Lunes;No
20240903;2024-09-03;2024;Q3;9;Septiembre;3;2;Martes;No
20240904;2024-09-04;2024;Q3;9;Septiembre;4;3;Miércoles;No
20240905;2024-09-05;2024;Q3;9;Septiembre;5;4;Jueves;No
20240906;2024-09-06;2024;Q3;9;Septiembre;6;5;Viernes;No
20240907;2024-09-07;2024;Q3;9;Septiembre;7;6;Sábado;Sí
20240908;2024-09-08;2024;Q3;9;Septiembre;8;7;Domingo;Sí
20240909;2024-09-09;2024;Q3;9;Septiembre;9;1;Lunes;No
20240910;2024-09-10;2024;Q3;9;Septiembre;10;2;Martes;No
20240911;2024-09-11;2024;Q3;9;Septiembre;11;3;Miércoles;No
20240912;2024-09-12;2024;Q3;9;Septiembre;12;4;Jueves;No
20240913;2024-09-13;2024;Q3;9;Septiembre;13;5;Viernes;No
20240914;2024-09-14;2024;Q3;9;Septiembre;14;6;Sábado;Sí
20240915;2024-09-15;2024;Q3;9;Septiembre;15;7;Domingo;Sí
20240916;2024-09-16;2024;Q3;9;Septiembre;16;1;Lunes;No
20240917;2024-09-17;2024;Q3;9;Septiembre;17;2;Martes;No
20240918;2024-09-18;2024;Q3;9;Septiembre;18;3;Miércoles;No
20240919;2024-09-19;2024;Q3;9;Septiembre;19;4;Jueves;No
20240920;2024-09-20;2024;Q3;9;Septiembre;20;5;Viernes;No
20240921;2024-09-21;2024;Q3;9;Septiembre;21;6;Sábado;Sí
20240922;2024-09-22;2024;Q3;9;Septiembre;22;7;Domingo;Sí
20240923;2024-09-23;2024;Q3;9;Septiembre;23;1;Lunes;No
20240924;2024-09-24;2024;Q3;9;Septiembre;24;2;Martes;No
20240925;2024-09-25;2024;Q3;9;Septiembre;25;3;Miércoles;No
20240926;2024-09-26;2024;Q3;9;Septiembre;26;4;Jueves;No
20240927;2024-09-27;2024;Q3;9;Septiembre;27;5;Viernes;No
20240928;2024-09-28;2024;Q3;9;Septiembre;28;6;Sábado;Sí
20240929;2024-09-29;2024;Q3;9;Septiembre;29;7;Domingo;Sí
20240930;2024-09-30;2024;Q3;9;Septiembre;30;1;Lunes;No
20241001;2024-10-01;2024;Q4;10;Octubre;1;2;Martes;No
20241002;2024-10-02;2024;Q4;10;Octubre;2;3;Miércoles;No
20241003;2024-10-03;2024;Q4;10;Octubre;3;4;Jueves;No
20241004;2024-10-04;2024;Q4;10;Octubre;4;5;Viernes;No
20241005;2024-10-05;2024;Q4;10;Octubre;5;6;Sábado;Sí
20241006;2024-10-06;2024;Q4;10;Octubre;6;7;Domingo;Sí
20241007;2024-10-07;2024;Q4;10;Octubre;7;1;Lunes;No
20241008;2024-10-08;2024;Q4;10;Octubre;8;2;Martes;No
20241009;2024-10-09;2024;Q4;10;Octubre;9;3;Miércoles;No
20241010;2024-10-10;2024;Q4;10;Octubre;10;4;Jueves;No
20241011;2024-10-11;2024;Q4;10;Octubre;11;5;Viernes;No
20241012;2024-10-12;2024;Q4;10;Octubre;12;6;Sábado;Sí
20241013;2024-10-13;2024;Q4;10;Octubre;13;7;Domingo;Sí
20241014;2024-10-14;2024;Q4;10;Octubre;14;1;Lunes;No
20241015;2024-10-15;2024;Q4;10;Octubre;15;2;Martes;No
20241016;2024-10-16;2024;Q4;10;Octubre;16;3;Miércoles;No
20241017;2024-10-17;2024;Q4;10;Octubre;17;4;Jueves;No
20241018;2024-10-18;2024;Q4;10;Octubre;18;5;Viernes;No
20241019;2024-10-19;2024;Q4;10;Octubre;19;6;Sábado;Sí
20241020;2024-10-20;2024;Q4;10;Octubre;20;7;Domingo;Sí
20241021;2024-10-21;2024;Q4;10;Octubre;21;1;Lunes;No
20241022;2024-10-22;2024;Q4;10;Octubre;22;2;Martes;No
20241023;2024-10-23;2024;Q4;10;Octubre;23;3;Miércoles;No
20241024;2024-10-24;2024;Q4;10;Octubre;24;4;Jueves;No
20241025;2024-10-25;2024;Q4;10;Octubre;25;5;Viernes;No
20241026;2024-10-26;2024;Q4;10;Octubre;26;6;Sábado;Sí
20241027;2024-10-27;2024;Q4;10;Octubre;27;7;Domingo;Sí
20241028;2024-10-28;2024;Q4;10;Octubre;28;1;Lunes;No
20241029;2024-10-29;2024;Q4;10;Octubre;29;2;Martes;No
20241030;2024-10-30;2024;Q4;10;Octubre;30;3;Miércoles;No
20241031;2024-10-31;2024;Q4;10;Octubre;31;4;Jueves;No
20241101;2024-11-01;2024;Q4;11;Noviembre;1;5;Viernes;No
20241102;2024-11-02;2024;Q4;11;Noviembre;2;6;Sábado;Sí
20241103;2024-11-03;2024;Q4;11;Noviembre;3;7;Domingo;Sí
20241104;2024-11-04;2024;Q4;11;Noviembre;4;1;Lunes;No
20241105;2024-11-05;2024;Q4;11;Noviembre;5;2;Martes;No
20241106;2024-11-06;2024;Q4;11;Noviembre;6;3;Miércoles;No
20241107;2024-11-07;2024;Q4;11;Noviembre;7;4;Jueves;No
20241108;2024-11-08;2024;Q4;11;Noviembre;8;5;Viernes;No
20241109;2024-11-09;2024;Q4;11;Noviembre;9;6;Sábado;Sí
20241110;2024-11-10;2024;Q4;11;Noviembre;10;7;Domingo;Sí
20241111;2024-11-11;2024;Q4;11;Noviembre;11;1;Lunes;No
20241112;2024-11-12;2024;Q4;11;Noviembre;12;2;Martes;No
20241113;2024-11-13;2024;Q4;11;Noviembre;13;3;Miércoles;No
20241114;2024-11-14;2024;Q4;11;Noviembre;14;4;Jueves;No
20241115;2024-11-15;2024;Q4;11;Noviembre;15;5;Viernes;No
20241116;2024-11-16;2024;Q4;11;Noviembre;16;6;Sábado;Sí
20241117;2024-11-17;2024;Q4;11;Noviembre;17;7;Domingo;Sí
20241118;2024-11-18;2024;Q4;11;Noviembre;18;1;Lunes;No
20241119;2024-11-19;2024;Q4;11;Noviembre;19;2;Martes;No
20241120;2024-11-20;2024;Q4;11;Noviembre;20;3;Miércoles;No
20241121;2024-11-21;2024;Q4;11;Noviembre;21;4;Jueves;No
20241122;2024-11-22;2024;Q4;11;Noviembre;22;5;Viernes;No
20241123;2024-11-23;2024;Q4;11;Noviembre;23;6;Sábado;Sí
20241124;2024-11-24;2024;Q4;11;Noviembre;24;7;Domingo;Sí
20241125;2024-11-25;2024;Q4;11;Noviembre;25;1;Lunes;No
20241126;2024-11-26;2024;Q4;11;Noviembre;26;2;Martes;No
20241127;2024-11-27;2024;Q4;11;Noviembre;27;3;Miércoles;No
20241128;2024-11-28;2024;Q4;11;Noviembre;28;4;Jueves;No
20241129;2024-11-29;2024;Q4;11;Noviembre;29;5;Viernes;No
20241130;2024-11-30;2024;Q4;11;Noviembre;30;6;Sábado;Sí
20241201;2024-12-01;2024;Q4;12;Diciembre;1;7;Domingo;Sí
20241202;2024-12-02;2024;Q4;12;Diciembre;2;1;Lunes;No
20241203;2024-12-03;2024;Q4;12;Diciembre;3;2;Martes;No
20241204;2024-12-04;2024;Q4;12;Diciembre;4;3;Miércoles;No
20241205;2024-12-05;2024;Q4;12;Diciembre;5;4;Jueves;No
20241206;2024-12-06;2024;Q4;12;Diciembre;6;5;Viernes;No
20241207;2024-12-07;2024;Q4;12;Diciembre;7;6;Sábado;Sí
20241208;2024-12-08;2024;Q4;12;Diciembre;8;7;Domingo;Sí
20241209;2024-12-09;2024;Q4;12;Diciembre;9;1;Lunes;No
20241210;2024-12-10;2024;Q4;12;Diciembre;10;2;Martes;No
20241211;2024-12-11;2024;Q4;12;Diciembre;11;3;Miércoles;No
20241212;2024-12-12;2024;Q4;12;Diciembre;12;4;Jueves;No
20241213;2024-12-13;2024;Q4;12;Diciembre;13;5;Viernes;No
20241214;2024-12-14;2024;Q4;12;Diciembre;14;6;Sábado;Sí
20241215;2024-12-15;2024;Q4;12;Diciembre;15;7;Domingo;Sí
20241216;2024-12-16;2024;Q4;12;Diciembre;16;1;Lunes;No
20241217;2024-12-17;2024;Q4;12;Diciembre;17;2;Martes;No
20241218;2024-12-18;2024;Q4;12;Diciembre;18;3;Miércoles;No
20241219;2024-12-19;2024;Q4;12;Diciembre;19;4;Jueves;No
20241220;2024-12-20;2024;Q4;12;Diciembre;20;5;Viernes;No
20241221;2024-12-21;2024;Q4;12;Diciembre;21;6;Sábado;Sí
20241222;2024-12-22;2024;Q4;12;Diciembre;22;7;Domingo;Sí
20241223;2024-12-23;2024;Q4;12;Diciembre;23;1;Lunes;No
20241224;2024-12-24;2024;Q4;12;Diciembre;24;2;Martes;No
20241225;2024-12-25;2024;Q4;12;Diciembre;25;3;Miércoles;No
20241226;2024-12-26;2024;Q4;12;Diciembre;26;4;Jueves;No
20241227;2024-12-27;2024;Q4;12;Diciembre;27;5;Viernes;No
20241228;2024-12-28;2024;Q4;12;Diciembre;28;6;Sábado;Sí
20241229;2024-12-29;2024;Q4;12;Diciembre;29;7;Domingo;Sí
20241230;2024-12-30;2024;Q4;12;Diciembre;30;1;Lunes;No
20241231;2024-12-31;2024;Q4;12;Diciembre;31;2;Martes;No
