ClienteID;NombreCliente;Genero;RangoEdad;Ciudad;SegmentoCliente
CLI0001;Juliana García Medina;F;56-65;Medellín;Nuevo
CLI0002;David Muñoz Jiménez;M;56-65;Barranquilla;Nuevo
CLI0003;Natalia Castro Rodríguez;F;46-55;Bogotá;Regular
CLI0004;Ricardo Medina Torres;M;66+;Cali;Regular
CLI0005;Nicolás Rodríguez Vargas;M;56-65;Bogotá;Regular
CLI0006;Manuela Vargas Ramírez;F;26-35;Cali;Regular
CLI0007;David García Cardona;M;46-55;Barranquilla;Nuevo
CLI0008;Catalina Cardona Flórez;F;56-65;Bucaramanga;Regular
CLI0009;Julián Pérez Herrera;M;46-55;Bogotá;VIP
CLI0010;Lucía Gómez Ríos;F;56-65;Barranquilla;Regular
CLI0011;Gabriela González Ríos;F;46-55;Cali;Regular
CLI0012;Santiago López González;M;18-25;Cali;Regular
CLI0013;Juan Restrepo Morales;M;18-25;Barranquilla;Regular
CLI0014;Alejandro Rojas Martínez;M;46-55;Barranquilla;Regular
CLI0015;Santiago Ramírez Flórez;M;66+;Medellín;Regular
CLI0016;Adriana Restrepo Gómez;F;26-35;Bucaramanga;Nuevo
CLI0017;Julián Muñoz Sánchez;M;36-45;Barranquilla;Nuevo
CLI0018;Carlos Ríos Guerrero;M;46-55;Cali;Regular
CLI0019;Lucía Ramírez García;F;36-45;Bogotá;Nuevo
CLI0020;Catalina Medina Herrera;F;36-45;Barranquilla;Nuevo
CLI0021;Carlos Salazar López;M;36-45;Barranquilla;Regular
CLI0022;Camila Torres Pérez;F;26-35;Barranquilla;Regular
CLI0023;Nicolás Salazar Martínez;M;36-45;Bogotá;Regular
CLI0024;Nicolás Muñoz Castro;M;56-65;Cali;Regular
CLI0025;Jorge González Ríos;M;26-35;Barranquilla;VIP
CLI0026;Gabriela González Rodríguez;F;18-25;Cali;VIP
CLI0027;Natalia Herrera Pérez;F;56-65;Medellín;VIP
CLI0028;Carlos García Vargas;M;66+;Bogotá;VIP
CLI0029;Gabriela Jiménez Flórez;F;26-35;Barranquilla;Nuevo
CLI0030;Mateo Jiménez Ortiz;M;18-25;Barranquilla;Regular
CLI0031;Santiago García Castro;M;26-35;Medellín;Regular
CLI0032;Manuela Martínez García;F;46-55;Barranquilla;Nuevo
CLI0033;Ximena Guerrero Morales;F;36-45;Medellín;Regular
CLI0034;Julián Gómez López;M;66+;Cali;Regular
CLI0035;Catalina Rodríguez Martínez;F;26-35;Cali;Regular
CLI0036;Paula Salazar García;F;46-55;Cali;Regular
CLI0037;Julián Salazar Ramírez;M;46-55;Cali;VIP
CLI0038;Daniela Gómez Torres;F;56-65;Bogotá;VIP
CLI0039;Sebastián Sánchez Rojas;M;26-35;Bogotá;Regular
CLI0040;Sebastián Sánchez González;M;46-55;Barranquilla;Regular
CLI0041;Óscar Ramírez Martínez;M;46-55;Bucaramanga;VIP
CLI0042;Mariana Gómez López;F;46-55;Cali;Regular
CLI0043;Lucía Vargas Cardona;F;66+;Medellín;Nuevo
CLI0044;Daniel Sánchez Ortiz;M;46-55;Bucaramanga;Regular
CLI0045;Ricardo García García;M;46-55;Bogotá;Regular
CLI0046;Adriana Guerrero López;F;66+;Bogotá;Regular
CLI0047;Miguel Pérez Muñoz;M;18-25;Cali;Regular
CLI0048;Valentina Ríos Ramírez;F;46-55;Cali;Regular
CLI0049;Mateo Medina Medina;M;36-45;Medellín;Nuevo
CLI0050;Ricardo González Gómez;M;18-25;Bogotá;VIP
CLI0051;Andrés Medina García;M;36-45;Cali;Regular
CLI0052;Santiago García Sánchez;M;26-35;Bucaramanga;VIP
CLI0053;Adriana Castro Castro;F;36-45;Bogotá;VIP
CLI0054;Camila Pérez González;F;18-25;Bogotá;Regular
CLI0055;Sebastián Sánchez Castro;M;66+;Barranquilla;VIP
CLI0056;David García Restrepo;M;56-65;Bogotá;Regular
CLI0057;Gabriela Cardona López;F;36-45;Bogotá;Regular
CLI0058;Mateo Torres Guerrero;M;26-35;Bogotá;Regular
CLI0059;Diego Sánchez Salazar;M;46-55;Medellín;VIP
CLI0060;Juan Gómez Morales;M;46-55;Bogotá;Regular
CLI0061;Sebastián Medina López;M;56-65;Cali;Nuevo
CLI0062;Andrés Morales García;M;66+;Barranquilla;VIP
CLI0063;Natalia Ortiz Ríos;F;66+;Bogotá;Regular
CLI0064;Daniela Cardona González;F;56-65;Cali;Nuevo
CLI0065;Alejandra Ríos Ortiz;F;66+;Bucaramanga;VIP
CLI0066;Julián Flórez Martínez;M;36-45;Bucaramanga;Regular
CLI0067;Manuela Guerrero Restrepo;F;26-35;Cali;Regular
CLI0068;Daniela Pérez Guerrero;F;56-65;Bucaramanga;VIP
CLI0069;Sebastián Muñoz Rodríguez;M;36-45;Cali;Regular
CLI0070;Camila Cardona Sánchez;F;26-35;Bucaramanga;Nuevo
CLI0071;Ricardo Morales García;M;18-25;Medellín;Regular
CLI0072;Natalia Martínez Rojas;F;18-25;Barranquilla;Nuevo
CLI0073;Camila Cardona Rodríguez;F;36-45;Cali;Regular
CLI0074;Iván Torres Cardona;M;26-35;Bucaramanga;Regular
CLI0075;Miguel Ríos Restrepo;M;46-55;Bogotá;Regular
CLI0076;Valeria Pérez Pérez;F;26-35;Barranquilla;Regular
CLI0077;David Sánchez Rodríguez;M;18-25;Medellín;VIP
CLI0078;Miguel Martínez Martínez;M;66+;Bogotá;Nuevo
CLI0079;Ximena Herrera Martínez;F;66+;Bucaramanga;VIP
CLI0080;Camilo Guerrero Ramírez;M;56-65;Cali;VIP
